[
  {
    "type": "post",
    "url": "v1/auth/login",
    "title": "Login",
    "description": "<p>Get an accessToken</p>",
    "version": "1.0.0",
    "name": "Login",
    "group": "Auth",
    "permission": [
      {
        "name": "public"
      }
    ],
    "parameter": {
      "fields": {
        "Parameter": [
          {
            "group": "Parameter",
            "type": "String",
            "optional": false,
            "field": "email",
            "description": "<p>User's email</p>"
          },
          {
            "group": "Parameter",
            "type": "String",
            "size": "..128",
            "optional": false,
            "field": "password",
            "description": "<p>User's password</p>"
          }
        ]
      }
    },
    "success": {
      "fields": {
        "Success 200": [
          {
            "group": "Success 200",
            "type": "String",
            "optional": false,
            "field": "token.tokenType",
            "description": "<p>Access Token's type</p>"
          },
          {
            "group": "Success 200",
            "type": "String",
            "optional": false,
            "field": "token.accessToken",
            "description": "<p>Authorization Token</p>"
          },
          {
            "group": "Success 200",
            "type": "String",
            "optional": false,
            "field": "token.refreshToken",
            "description": "<p>Token to get a new accessToken after expiration time</p>"
          },
          {
            "group": "Success 200",
            "type": "Number",
            "optional": false,
            "field": "token.expiresIn",
            "description": "<p>Access Token's expiration time in miliseconds</p>"
          },
          {
            "group": "Success 200",
            "type": "String",
            "optional": false,
            "field": "user.id",
            "description": "<p>User's id</p>"
          },
          {
            "group": "Success 200",
            "type": "String",
            "optional": false,
            "field": "user.name",
            "description": "<p>User's name</p>"
          },
          {
            "group": "Success 200",
            "type": "String",
            "optional": false,
            "field": "user.email",
            "description": "<p>User's email</p>"
          },
          {
            "group": "Success 200",
            "type": "String",
            "optional": false,
            "field": "user.role",
            "description": "<p>User's role</p>"
          },
          {
            "group": "Success 200",
            "type": "Date",
            "optional": false,
            "field": "user.createdAt",
            "description": "<p>Timestamp</p>"
          }
        ]
      }
    },
    "error": {
      "fields": {
        "Bad Request 400": [
          {
            "group": "Bad Request 400",
            "optional": false,
            "field": "ValidationError",
            "description": "<p>Some parameters may contain invalid values</p>"
          }
        ],
        "Unauthorized 401": [
          {
            "group": "Unauthorized 401",
            "optional": false,
            "field": "Unauthorized",
            "description": "<p>Incorrect email or password</p>"
          }
        ]
      }
    },
    "filename": "src/api/routes/v1/auth.route.js",
    "groupTitle": "Auth"
  },
  {
    "type": "post",
    "url": "v1/auth/register",
    "title": "Register",
    "description": "<p>Register a new user</p>",
    "version": "1.0.0",
    "name": "Register",
    "group": "Auth",
    "permission": [
      {
        "name": "public"
      }
    ],
    "parameter": {
      "fields": {
        "Parameter": [
          {
            "group": "Parameter",
            "type": "String",
            "optional": false,
            "field": "email",
            "description": "<p>User's email</p>"
          },
          {
            "group": "Parameter",
            "type": "String",
            "size": "6..128",
            "optional": false,
            "field": "password",
            "description": "<p>User's password</p>"
          }
        ]
      }
    },
    "success": {
      "fields": {
        "Created 201": [
          {
            "group": "Created 201",
            "type": "String",
            "optional": false,
            "field": "token.tokenType",
            "description": "<p>Access Token's type</p>"
          },
          {
            "group": "Created 201",
            "type": "String",
            "optional": false,
            "field": "token.accessToken",
            "description": "<p>Authorization Token</p>"
          },
          {
            "group": "Created 201",
            "type": "String",
            "optional": false,
            "field": "token.refreshToken",
            "description": "<p>Token to get a new accessToken after expiration time</p>"
          },
          {
            "group": "Created 201",
            "type": "Number",
            "optional": false,
            "field": "token.expiresIn",
            "description": "<p>Access Token's expiration time in miliseconds</p>"
          },
          {
            "group": "Created 201",
            "type": "String",
            "optional": false,
            "field": "token.timezone",
            "description": "<p>The server's Timezone</p>"
          },
          {
            "group": "Created 201",
            "type": "String",
            "optional": false,
            "field": "user.id",
            "description": "<p>User's id</p>"
          },
          {
            "group": "Created 201",
            "type": "String",
            "optional": false,
            "field": "user.name",
            "description": "<p>User's name</p>"
          },
          {
            "group": "Created 201",
            "type": "String",
            "optional": false,
            "field": "user.email",
            "description": "<p>User's email</p>"
          },
          {
            "group": "Created 201",
            "type": "String",
            "optional": false,
            "field": "user.role",
            "description": "<p>User's role</p>"
          },
          {
            "group": "Created 201",
            "type": "Date",
            "optional": false,
            "field": "user.createdAt",
            "description": "<p>Timestamp</p>"
          }
        ]
      }
    },
    "error": {
      "fields": {
        "Bad Request 400": [
          {
            "group": "Bad Request 400",
            "optional": false,
            "field": "ValidationError",
            "description": "<p>Some parameters may contain invalid values</p>"
          }
        ]
      }
    },
    "filename": "src/api/routes/v1/auth.route.js",
    "groupTitle": "Auth"
  },
  {
    "type": "",
    "url": "post",
    "title": "v1/auth/join",
    "version": "0.0.0",
    "filename": "src/api/controllers/auth.controller.js",
    "group": "F__tttttt_MedicalVideoConsultancyServer_src_api_controllers_auth_controller_js",
    "groupTitle": "F__tttttt_MedicalVideoConsultancyServer_src_api_controllers_auth_controller_js",
    "name": "Post"
  },
  {
    "type": "",
    "url": "post",
    "title": "v1/auth/join/validate",
    "version": "0.0.0",
    "filename": "src/api/controllers/auth.controller.js",
    "group": "F__tttttt_MedicalVideoConsultancyServer_src_api_controllers_auth_controller_js",
    "groupTitle": "F__tttttt_MedicalVideoConsultancyServer_src_api_controllers_auth_controller_js",
    "name": "Post"
  },
  {
    "type": "",
    "url": "post v1/auth/verify-email",
    "title": "When user click the link in his email",
    "version": "0.0.0",
    "filename": "src/api/controllers/auth.controller.js",
    "group": "F__tttttt_MedicalVideoConsultancyServer_src_api_controllers_auth_controller_js",
    "groupTitle": "F__tttttt_MedicalVideoConsultancyServer_src_api_controllers_auth_controller_js",
    "name": "PostV1AuthVerifyEmail"
  },
  {
    "type": "",
    "url": "post v1/auth/verify-sms",
    "title": "When user verify with code using his phone number",
    "version": "0.0.0",
    "filename": "src/api/controllers/auth.controller.js",
    "group": "F__tttttt_MedicalVideoConsultancyServer_src_api_controllers_auth_controller_js",
    "groupTitle": "F__tttttt_MedicalVideoConsultancyServer_src_api_controllers_auth_controller_js",
    "name": "PostV1AuthVerifySms"
  },
  {
    "type": "",
    "url": "v1/provider/chart",
    "title": "",
    "version": "0.0.0",
    "filename": "src/api/controllers/provider.controller.js",
    "group": "F__tttttt_MedicalVideoConsultancyServer_src_api_controllers_provider_controller_js",
    "groupTitle": "F__tttttt_MedicalVideoConsultancyServer_src_api_controllers_provider_controller_js",
    "name": "V1ProviderChart"
  },
  {
    "type": "",
    "url": "v1/provider/chart/:dni",
    "title": "param dni",
    "version": "0.0.0",
    "filename": "src/api/controllers/provider.controller.js",
    "group": "F__tttttt_MedicalVideoConsultancyServer_src_api_controllers_provider_controller_js",
    "groupTitle": "F__tttttt_MedicalVideoConsultancyServer_src_api_controllers_provider_controller_js",
    "name": "V1ProviderChartDni"
  },
  {
    "type": "",
    "url": "v1/provider/checkout",
    "title": "",
    "version": "0.0.0",
    "filename": "src/api/controllers/provider.controller.js",
    "group": "F__tttttt_MedicalVideoConsultancyServer_src_api_controllers_provider_controller_js",
    "groupTitle": "F__tttttt_MedicalVideoConsultancyServer_src_api_controllers_provider_controller_js",
    "name": "V1ProviderCheckout"
  },
  {
    "type": "",
    "url": "v1/provider/consult",
    "title": "",
    "version": "0.0.0",
    "filename": "src/api/controllers/provider.controller.js",
    "group": "F__tttttt_MedicalVideoConsultancyServer_src_api_controllers_provider_controller_js",
    "groupTitle": "F__tttttt_MedicalVideoConsultancyServer_src_api_controllers_provider_controller_js",
    "name": "V1ProviderConsult"
  },
  {
    "type": "",
    "url": "v1/provider/invite-by-sms.",
    "title": "",
    "version": "0.0.0",
    "filename": "src/api/controllers/provider.controller.js",
    "group": "F__tttttt_MedicalVideoConsultancyServer_src_api_controllers_provider_controller_js",
    "groupTitle": "F__tttttt_MedicalVideoConsultancyServer_src_api_controllers_provider_controller_js",
    "name": "V1ProviderInviteBySms"
  },
  {
    "type": "",
    "url": "v1/provider/mediaUpload",
    "title": "",
    "version": "0.0.0",
    "filename": "src/api/controllers/provider.controller.js",
    "group": "F__tttttt_MedicalVideoConsultancyServer_src_api_controllers_provider_controller_js",
    "groupTitle": "F__tttttt_MedicalVideoConsultancyServer_src_api_controllers_provider_controller_js",
    "name": "V1ProviderMediaupload"
  },
  {
    "type": "",
    "url": "v1/provider/notify",
    "title": "",
    "version": "0.0.0",
    "filename": "src/api/controllers/provider.controller.js",
    "group": "F__tttttt_MedicalVideoConsultancyServer_src_api_controllers_provider_controller_js",
    "groupTitle": "F__tttttt_MedicalVideoConsultancyServer_src_api_controllers_provider_controller_js",
    "name": "V1ProviderNotify"
  },
  {
    "type": "",
    "url": "v1/provider/patient",
    "title": "",
    "version": "0.0.0",
    "filename": "src/api/controllers/provider.controller.js",
    "group": "F__tttttt_MedicalVideoConsultancyServer_src_api_controllers_provider_controller_js",
    "groupTitle": "F__tttttt_MedicalVideoConsultancyServer_src_api_controllers_provider_controller_js",
    "name": "V1ProviderPatient"
  },
  {
    "type": "",
    "url": "v1/provider/patientByField",
    "title": "",
    "version": "0.0.0",
    "filename": "src/api/controllers/provider.controller.js",
    "group": "F__tttttt_MedicalVideoConsultancyServer_src_api_controllers_provider_controller_js",
    "groupTitle": "F__tttttt_MedicalVideoConsultancyServer_src_api_controllers_provider_controller_js",
    "name": "V1ProviderPatientbyfield"
  },
  {
    "type": "",
    "url": "v1/provider/patients-all",
    "title": "",
    "version": "0.0.0",
    "filename": "src/api/controllers/provider.controller.js",
    "group": "F__tttttt_MedicalVideoConsultancyServer_src_api_controllers_provider_controller_js",
    "groupTitle": "F__tttttt_MedicalVideoConsultancyServer_src_api_controllers_provider_controller_js",
    "name": "V1ProviderPatientsAll"
  },
  {
    "type": "",
    "url": "v1/provider/patients-recent",
    "title": "",
    "version": "0.0.0",
    "filename": "src/api/controllers/provider.controller.js",
    "group": "F__tttttt_MedicalVideoConsultancyServer_src_api_controllers_provider_controller_js",
    "groupTitle": "F__tttttt_MedicalVideoConsultancyServer_src_api_controllers_provider_controller_js",
    "name": "V1ProviderPatientsRecent"
  },
  {
    "type": "",
    "url": "v1/provider/patients-waiting/:room",
    "title": "",
    "version": "0.0.0",
    "filename": "src/api/controllers/provider.controller.js",
    "group": "F__tttttt_MedicalVideoConsultancyServer_src_api_controllers_provider_controller_js",
    "groupTitle": "F__tttttt_MedicalVideoConsultancyServer_src_api_controllers_provider_controller_js",
    "name": "V1ProviderPatientsWaitingRoom"
  },
  {
    "type": "",
    "url": "v1/provider/resetState",
    "title": "",
    "version": "0.0.0",
    "filename": "src/api/controllers/provider.controller.js",
    "group": "F__tttttt_MedicalVideoConsultancyServer_src_api_controllers_provider_controller_js",
    "groupTitle": "F__tttttt_MedicalVideoConsultancyServer_src_api_controllers_provider_controller_js",
    "name": "V1ProviderResetstate"
  },
  {
    "type": "",
    "url": "v1/provider/room/:userId",
    "title": "",
    "version": "0.0.0",
    "filename": "src/api/controllers/provider.controller.js",
    "group": "F__tttttt_MedicalVideoConsultancyServer_src_api_controllers_provider_controller_js",
    "groupTitle": "F__tttttt_MedicalVideoConsultancyServer_src_api_controllers_provider_controller_js",
    "name": "V1ProviderRoomUserid"
  },
  {
    "type": "",
    "url": "v1/provider/roomName/:",
    "title": "roomName",
    "version": "0.0.0",
    "filename": "src/api/controllers/provider.controller.js",
    "group": "F__tttttt_MedicalVideoConsultancyServer_src_api_controllers_provider_controller_js",
    "groupTitle": "F__tttttt_MedicalVideoConsultancyServer_src_api_controllers_provider_controller_js",
    "name": "V1ProviderRoomname"
  },
  {
    "type": "",
    "url": "v1/provider/text/:userId",
    "title": "",
    "version": "0.0.0",
    "filename": "src/api/controllers/provider.controller.js",
    "group": "F__tttttt_MedicalVideoConsultancyServer_src_api_controllers_provider_controller_js",
    "groupTitle": "F__tttttt_MedicalVideoConsultancyServer_src_api_controllers_provider_controller_js",
    "name": "V1ProviderTextUserid"
  },
  {
    "type": "",
    "url": "v1/file-transfer/get-transfer",
    "title": "",
    "version": "0.0.0",
    "filename": "src/api/controllers/transfer.controller.js",
    "group": "F__tttttt_MedicalVideoConsultancyServer_src_api_controllers_transfer_controller_js",
    "groupTitle": "F__tttttt_MedicalVideoConsultancyServer_src_api_controllers_transfer_controller_js",
    "name": "V1FileTransferGetTransfer"
  },
  {
    "type": "",
    "url": "v1/file-transfer/upload",
    "title": "",
    "version": "0.0.0",
    "filename": "src/api/controllers/transfer.controller.js",
    "group": "F__tttttt_MedicalVideoConsultancyServer_src_api_controllers_transfer_controller_js",
    "groupTitle": "F__tttttt_MedicalVideoConsultancyServer_src_api_controllers_transfer_controller_js",
    "name": "V1FileTransferUpload"
  },
  {
    "type": "",
    "url": "public/download",
    "title": "",
    "version": "0.0.0",
    "filename": "src/api/controllers/upload.controller.js",
    "group": "F__tttttt_MedicalVideoConsultancyServer_src_api_controllers_upload_controller_js",
    "groupTitle": "F__tttttt_MedicalVideoConsultancyServer_src_api_controllers_upload_controller_js",
    "name": "PublicDownload"
  },
  {
    "type": "patch",
    "url": "v1/users/:userId",
    "title": "",
    "version": "0.0.0",
    "filename": "src/api/controllers/user.controller.js",
    "group": "F__tttttt_MedicalVideoConsultancyServer_src_api_controllers_user_controller_js",
    "groupTitle": "F__tttttt_MedicalVideoConsultancyServer_src_api_controllers_user_controller_js",
    "name": "PatchV1UsersUserid"
  },
  {
    "type": "",
    "url": "v1/provider/chart",
    "title": "",
    "version": "0.0.0",
    "filename": "src/api/routes/v1/provider.route.js",
    "group": "F__tttttt_MedicalVideoConsultancyServer_src_api_routes_v1_provider_route_js",
    "groupTitle": "F__tttttt_MedicalVideoConsultancyServer_src_api_routes_v1_provider_route_js",
    "name": "V1ProviderChart"
  },
  {
    "type": "",
    "url": "v1/provider/chart/:dni",
    "title": "",
    "version": "0.0.0",
    "filename": "src/api/routes/v1/provider.route.js",
    "group": "F__tttttt_MedicalVideoConsultancyServer_src_api_routes_v1_provider_route_js",
    "groupTitle": "F__tttttt_MedicalVideoConsultancyServer_src_api_routes_v1_provider_route_js",
    "name": "V1ProviderChartDni"
  },
  {
    "type": "",
    "url": "v1/provider/checkout",
    "title": "",
    "version": "0.0.0",
    "filename": "src/api/routes/v1/provider.route.js",
    "group": "F__tttttt_MedicalVideoConsultancyServer_src_api_routes_v1_provider_route_js",
    "groupTitle": "F__tttttt_MedicalVideoConsultancyServer_src_api_routes_v1_provider_route_js",
    "name": "V1ProviderCheckout"
  },
  {
    "type": "",
    "url": "v1/provider/consult",
    "title": "",
    "version": "0.0.0",
    "filename": "src/api/routes/v1/provider.route.js",
    "group": "F__tttttt_MedicalVideoConsultancyServer_src_api_routes_v1_provider_route_js",
    "groupTitle": "F__tttttt_MedicalVideoConsultancyServer_src_api_routes_v1_provider_route_js",
    "name": "V1ProviderConsult"
  },
  {
    "type": "",
    "url": "v1/provider/consult",
    "title": "",
    "version": "0.0.0",
    "filename": "src/api/routes/v1/provider.route.js",
    "group": "F__tttttt_MedicalVideoConsultancyServer_src_api_routes_v1_provider_route_js",
    "groupTitle": "F__tttttt_MedicalVideoConsultancyServer_src_api_routes_v1_provider_route_js",
    "name": "V1ProviderConsult"
  },
  {
    "type": "",
    "url": "v1/provider/consult",
    "title": "",
    "version": "0.0.0",
    "filename": "src/api/routes/v1/provider.route.js",
    "group": "F__tttttt_MedicalVideoConsultancyServer_src_api_routes_v1_provider_route_js",
    "groupTitle": "F__tttttt_MedicalVideoConsultancyServer_src_api_routes_v1_provider_route_js",
    "name": "V1ProviderConsult"
  },
  {
    "type": "",
    "url": "v1/provider/invite-by-sms.",
    "title": "",
    "version": "0.0.0",
    "filename": "src/api/routes/v1/provider.route.js",
    "group": "F__tttttt_MedicalVideoConsultancyServer_src_api_routes_v1_provider_route_js",
    "groupTitle": "F__tttttt_MedicalVideoConsultancyServer_src_api_routes_v1_provider_route_js",
    "name": "V1ProviderInviteBySms"
  },
  {
    "type": "",
    "url": "v1/provider/mediaUpload",
    "title": "",
    "version": "0.0.0",
    "filename": "src/api/routes/v1/provider.route.js",
    "group": "F__tttttt_MedicalVideoConsultancyServer_src_api_routes_v1_provider_route_js",
    "groupTitle": "F__tttttt_MedicalVideoConsultancyServer_src_api_routes_v1_provider_route_js",
    "name": "V1ProviderMediaupload"
  },
  {
    "type": "",
    "url": "v1/provider/notify",
    "title": "",
    "version": "0.0.0",
    "filename": "src/api/routes/v1/provider.route.js",
    "group": "F__tttttt_MedicalVideoConsultancyServer_src_api_routes_v1_provider_route_js",
    "groupTitle": "F__tttttt_MedicalVideoConsultancyServer_src_api_routes_v1_provider_route_js",
    "name": "V1ProviderNotify"
  },
  {
    "type": "",
    "url": "v1/provider/patient",
    "title": "",
    "version": "0.0.0",
    "filename": "src/api/routes/v1/provider.route.js",
    "group": "F__tttttt_MedicalVideoConsultancyServer_src_api_routes_v1_provider_route_js",
    "groupTitle": "F__tttttt_MedicalVideoConsultancyServer_src_api_routes_v1_provider_route_js",
    "name": "V1ProviderPatient"
  },
  {
    "type": "",
    "url": "v1/provider/patientByField",
    "title": "",
    "version": "0.0.0",
    "filename": "src/api/routes/v1/provider.route.js",
    "group": "F__tttttt_MedicalVideoConsultancyServer_src_api_routes_v1_provider_route_js",
    "groupTitle": "F__tttttt_MedicalVideoConsultancyServer_src_api_routes_v1_provider_route_js",
    "name": "V1ProviderPatientbyfield"
  },
  {
    "type": "",
    "url": "v1/provider/patients-all/:room",
    "title": "",
    "version": "0.0.0",
    "filename": "src/api/routes/v1/provider.route.js",
    "group": "F__tttttt_MedicalVideoConsultancyServer_src_api_routes_v1_provider_route_js",
    "groupTitle": "F__tttttt_MedicalVideoConsultancyServer_src_api_routes_v1_provider_route_js",
    "name": "V1ProviderPatientsAllRoom"
  },
  {
    "type": "",
    "url": "v1/provider/patients-recent",
    "title": "",
    "version": "0.0.0",
    "filename": "src/api/routes/v1/provider.route.js",
    "group": "F__tttttt_MedicalVideoConsultancyServer_src_api_routes_v1_provider_route_js",
    "groupTitle": "F__tttttt_MedicalVideoConsultancyServer_src_api_routes_v1_provider_route_js",
    "name": "V1ProviderPatientsRecent"
  },
  {
    "type": "",
    "url": "v1/provider/patients-waiting/:room",
    "title": "",
    "version": "0.0.0",
    "filename": "src/api/routes/v1/provider.route.js",
    "group": "F__tttttt_MedicalVideoConsultancyServer_src_api_routes_v1_provider_route_js",
    "groupTitle": "F__tttttt_MedicalVideoConsultancyServer_src_api_routes_v1_provider_route_js",
    "name": "V1ProviderPatientsWaitingRoom"
  },
  {
    "type": "",
    "url": "v1/provider/resetState",
    "title": "",
    "version": "0.0.0",
    "filename": "src/api/routes/v1/provider.route.js",
    "group": "F__tttttt_MedicalVideoConsultancyServer_src_api_routes_v1_provider_route_js",
    "groupTitle": "F__tttttt_MedicalVideoConsultancyServer_src_api_routes_v1_provider_route_js",
    "name": "V1ProviderResetstate"
  },
  {
    "type": "",
    "url": "v1/provider/room/:userId",
    "title": "",
    "version": "0.0.0",
    "filename": "src/api/routes/v1/provider.route.js",
    "group": "F__tttttt_MedicalVideoConsultancyServer_src_api_routes_v1_provider_route_js",
    "groupTitle": "F__tttttt_MedicalVideoConsultancyServer_src_api_routes_v1_provider_route_js",
    "name": "V1ProviderRoomUserid"
  },
  {
    "type": "",
    "url": "v1/provider/room/:userId",
    "title": "",
    "version": "0.0.0",
    "filename": "src/api/routes/v1/provider.route.js",
    "group": "F__tttttt_MedicalVideoConsultancyServer_src_api_routes_v1_provider_route_js",
    "groupTitle": "F__tttttt_MedicalVideoConsultancyServer_src_api_routes_v1_provider_route_js",
    "name": "V1ProviderRoomUserid"
  },
  {
    "type": "",
    "url": "v1/provider/roomName/:",
    "title": "roomName",
    "version": "0.0.0",
    "filename": "src/api/routes/v1/provider.route.js",
    "group": "F__tttttt_MedicalVideoConsultancyServer_src_api_routes_v1_provider_route_js",
    "groupTitle": "F__tttttt_MedicalVideoConsultancyServer_src_api_routes_v1_provider_route_js",
    "name": "V1ProviderRoomname"
  },
  {
    "type": "",
    "url": "v1/file-transfer/get-transfer",
    "title": "",
    "version": "0.0.0",
    "filename": "src/api/routes/v1/transfer.route.js",
    "group": "F__tttttt_MedicalVideoConsultancyServer_src_api_routes_v1_transfer_route_js",
    "groupTitle": "F__tttttt_MedicalVideoConsultancyServer_src_api_routes_v1_transfer_route_js",
    "name": "V1FileTransferGetTransfer"
  },
  {
    "type": "",
    "url": "v1/file-transfer/upload",
    "title": "",
    "version": "0.0.0",
    "filename": "src/api/routes/v1/transfer.route.js",
    "group": "F__tttttt_MedicalVideoConsultancyServer_src_api_routes_v1_transfer_route_js",
    "groupTitle": "F__tttttt_MedicalVideoConsultancyServer_src_api_routes_v1_transfer_route_js",
    "name": "V1FileTransferUpload"
  },
  {
    "type": "",
    "url": "v1/file-transfer/download/:fileName",
    "title": "",
    "version": "0.0.0",
    "filename": "src/api/routes/v1/upload.route.js",
    "group": "F__tttttt_MedicalVideoConsultancyServer_src_api_routes_v1_upload_route_js",
    "groupTitle": "F__tttttt_MedicalVideoConsultancyServer_src_api_routes_v1_upload_route_js",
    "name": "V1FileTransferDownloadFilename"
  },
  {
    "type": "patch",
    "url": "v1/users/:id",
    "title": "Delete User",
    "description": "<p>Delete a user</p>",
    "version": "1.0.0",
    "name": "DeleteUser",
    "group": "User",
    "permission": [
      {
        "name": "user"
      }
    ],
    "header": {
      "fields": {
        "Header": [
          {
            "group": "Header",
            "type": "String",
            "optional": false,
            "field": "Authorization",
            "description": "<p>User's access token</p>"
          }
        ]
      }
    },
    "success": {
      "fields": {
        "No Content 204": [
          {
            "group": "No Content 204",
            "optional": false,
            "field": "Successfully",
            "description": "<p>deleted</p>"
          }
        ]
      }
    },
    "error": {
      "fields": {
        "Unauthorized 401": [
          {
            "group": "Unauthorized 401",
            "optional": false,
            "field": "Unauthorized",
            "description": "<p>Only authenticated users can delete the data</p>"
          }
        ],
        "Forbidden 403": [
          {
            "group": "Forbidden 403",
            "optional": false,
            "field": "Forbidden",
            "description": "<p>Only user with same id or admins can delete the data</p>"
          }
        ],
        "Not Found 404": [
          {
            "group": "Not Found 404",
            "optional": false,
            "field": "NotFound",
            "description": "<p>User does not exist</p>"
          }
        ]
      }
    },
    "filename": "src/api/routes/v1/user.route.js",
    "groupTitle": "User"
  },
  {
    "type": "get",
    "url": "v1/users",
    "title": "List Users",
    "description": "<p>Get a list of users</p>",
    "version": "1.0.0",
    "name": "ListUsers",
    "group": "User",
    "permission": [
      {
        "name": "SuperAdmin"
      }
    ],
    "header": {
      "fields": {
        "Header": [
          {
            "group": "Header",
            "type": "String",
            "optional": false,
            "field": "Authorization",
            "description": "<p>User's access token</p>"
          }
        ]
      }
    },
    "parameter": {
      "fields": {
        "Parameter": [
          {
            "group": "Parameter",
            "type": "Number",
            "size": "1-",
            "optional": true,
            "field": "page",
            "defaultValue": "1",
            "description": "<p>List page</p>"
          },
          {
            "group": "Parameter",
            "type": "Number",
            "size": "1-100",
            "optional": true,
            "field": "perPage",
            "defaultValue": "1",
            "description": "<p>Users per page</p>"
          },
          {
            "group": "Parameter",
            "type": "String",
            "optional": true,
            "field": "name",
            "description": "<p>User's name</p>"
          },
          {
            "group": "Parameter",
            "type": "String",
            "optional": true,
            "field": "email",
            "description": "<p>User's email</p>"
          },
          {
            "group": "Parameter",
            "type": "String",
            "allowedValues": [
              "user",
              "admin",
              "SuperAdmin"
            ],
            "optional": true,
            "field": "role",
            "description": "<p>User's role</p> <p>......................................................</p>"
          }
        ]
      }
    },
    "success": {
      "fields": {
        "Success 200": [
          {
            "group": "Success 200",
            "type": "Object[]",
            "optional": false,
            "field": "users",
            "description": "<p>List of users.</p>"
          }
        ]
      }
    },
    "error": {
      "fields": {
        "Unauthorized 401": [
          {
            "group": "Unauthorized 401",
            "optional": false,
            "field": "Unauthorized",
            "description": "<p>Only authenticated users can access the data</p>"
          }
        ]
      }
    },
    "filename": "src/api/routes/v1/user.route.js",
    "groupTitle": "User"
  },
  {
    "type": "patch",
    "url": "v1/users/:id",
    "title": "Update User by admin",
    "description": "<p>Update some fields of a user document</p>",
    "version": "1.0.0",
    "name": "UpdateUser",
    "group": "User",
    "permission": [
      {
        "name": "user"
      }
    ],
    "header": {
      "fields": {
        "Header": [
          {
            "group": "Header",
            "type": "String",
            "optional": false,
            "field": "Authorization",
            "description": "<p>User's access token</p>"
          }
        ]
      }
    },
    "parameter": {
      "fields": {
        "Parameter": [
          {
            "group": "Parameter",
            "type": "String",
            "optional": false,
            "field": "email",
            "description": "<p>User's email</p>"
          },
          {
            "group": "Parameter",
            "type": "String",
            "size": "6..128",
            "optional": false,
            "field": "password",
            "description": "<p>User's password</p>"
          },
          {
            "group": "Parameter",
            "type": "String",
            "size": "..128",
            "optional": true,
            "field": "name",
            "description": "<p>User's name</p>"
          },
          {
            "group": "Parameter",
            "type": "String",
            "allowedValues": [
              "user",
              "admin"
            ],
            "optional": true,
            "field": "role",
            "description": "<p>User's role (You must be an admin to change the user's role)</p>"
          }
        ]
      }
    },
    "success": {
      "fields": {
        "Success 200": [
          {
            "group": "Success 200",
            "type": "String",
            "optional": false,
            "field": "id",
            "description": "<p>User's id</p>"
          },
          {
            "group": "Success 200",
            "type": "String",
            "optional": false,
            "field": "name",
            "description": "<p>User's name</p>"
          },
          {
            "group": "Success 200",
            "type": "String",
            "optional": false,
            "field": "email",
            "description": "<p>User's email</p>"
          },
          {
            "group": "Success 200",
            "type": "String",
            "optional": false,
            "field": "role",
            "description": "<p>User's role</p>"
          },
          {
            "group": "Success 200",
            "type": "Date",
            "optional": false,
            "field": "createdAt",
            "description": "<p>Timestamp</p>"
          }
        ]
      }
    },
    "error": {
      "fields": {
        "Bad Request 400": [
          {
            "group": "Bad Request 400",
            "optional": false,
            "field": "ValidationError",
            "description": "<p>Some parameters may contain invalid values</p>"
          }
        ],
        "Unauthorized 401": [
          {
            "group": "Unauthorized 401",
            "optional": false,
            "field": "Unauthorized",
            "description": "<p>Only authenticated users can modify the data</p>"
          }
        ],
        "Forbidden 403": [
          {
            "group": "Forbidden 403",
            "optional": false,
            "field": "Forbidden",
            "description": "<p>Only user with same id or admins can modify the data</p>"
          }
        ],
        "Not Found 404": [
          {
            "group": "Not Found 404",
            "optional": false,
            "field": "NotFound",
            "description": "<p>User does not exist</p>"
          }
        ]
      }
    },
    "filename": "src/api/routes/v1/user.route.js",
    "groupTitle": "User"
  }
]
